﻿도서관명,이용시간,휴관일,전화번호,홈페이지,자치구,주소,위도,경도
국립어린이청소년도서관,"평일 : 09:00~18:00, 주말 : 09:00~18:00","매월 둘째넷째 월요일, 일요일을 제외한 공휴일",02-3413-4800,http://www.nlcy.go.kr/,강남구,서울특별시 강남구 테헤란로7길 21,37.50103971,127.0296286
강남구립못골도서관,"평일 : 09:00~22:00, 주말 : 09:00~22:00",매주 화요일 및 법정공휴일,02-459-5522,http://library.gangnam.go.kr/mglib,강남구,서울특별시 강남구 자곡로 116,37.47182975,127.096519
강남역삼푸른솔도서관,"평일 : 09:00~18:00, 주말 : 09:00~17:00",매주 화요일 및 법정 공휴일,02-2051-1178,https://library.gangnam.go.kr/ysplib/index.do,강남구,서울특별시 강남구 테헤란로8길 36. 4층,37.4970911,127.0320237
논현도서관,"평일 : 09:00~22:00, 주말 : 09:00~17:00",매주 화요일 및 법정공휴일,02-3443-7650,https://library.gangnam.go.kr/nhlib,강남구,서울특별시 강남구 학동로43길 17(논현동) 논현2동주민센터 6층,37.51747471,127.0371815
대치도서관,평일 : 09:00~18:00. 주말 : 09:00~17:00,매주 화요일 및 법정공휴일,02-565-6666,https://library.gangnam.go.kr/dchlib/index.do,강남구,서울특별시 강남구 삼성로 212 은마아파트 복지상가 2층 215호,37.49658055,127.0641249
도곡정보문화도서관,"평일 : 09:00~22:00, 주말 : 09:00~17:00",매주 월요일 및 법정공휴일,1644-3227,https://library.gangnam.go.kr/dogoklib,강남구,서울특별시 강남구 도곡로18길 57,37.48891782,127.0392277
못골한옥어린이도서관,"평일 : 09:00~18:00, 주말 : 09:00~17:00",매주 월요일 및 법정공휴일,02-2226-5930,https://library.gangnam.go.kr/hchildlib/index.do,강남구,서울특별시 강남구 자곡로7길 3 ,37.47336122,127.0995537
서울특별시교육청강남도서관,"평일 : 09:00~20:00, 주말 : 09:00~17:00","1,3주 수요일 및 법정공휴일",02-3448-4741~5,http://gnlib.sen.go.kr,강남구,서울특별시 강남구 선릉로116길 45,37.5138324,127.0470803
서울특별시교육청개포도서관,"평일 : 09:00~20:00, 주말 : 09:00~17:00","2,4주 목요일 및 법정공휴일",02-3460-8200,http://gplib.sen.go.kr,강남구,서울특별시 강남구 선릉로4길 30,37.48341376,127.0638242
역삼도서관,"평일 : 09:00~22:00, 주말 : 09:00~17:00",매주 월요일 및 법정 공휴일,02-508-1139,http://library.gangnam.go.kr/yslib,강남구,"서울특별시 강남구 역삼로7길 16, 5층",37.49557277,127.0332478
열린도서관,"평일 : 09:00~22:00, 주말 : 09:00~17:00",매주 월요일 및 법정공휴일,02-3412-3970,https://library.gangnam.go.kr/yllib/,강남구,서울특별시 강남구 일원로 115 삼성생명빌딩 B동 203호,37.48446997,127.0848575
일원라온영어도서관,"평일 : 09:00~18:00, 주말 : 09:00~17:00",매주 월요일 및 법정공휴일,02-6712-0595,https://library.gangnam.go.kr/englib/index.do,강남구,서울특별시 강남구 영동대로 22 B1(일원동 743),37.49209834,127.0765218
정다운도서관,"평일 : 09:00~22:00, 주말 : 09:00~17:00",매주 화요일 및 법정공휴일,02-512-9326,https://library.gangnam.go.kr/jdwlib,강남구,서울특별시 강남구 학동로67길 11 3층,37.51976518,127.0464731
즐거운도서관,평일 : 09:00~22:00. 주말 : 09:00~17:00,매주 월요일 및 법정공휴일,02-565-7533,https://library.gangnam.go.kr/jgwlib/,강남구,서울특별시 강남구 도곡로77길 23 4층,37.49998904,127.0577566
청담도서관,"평일 : 09:00~22:00, 주말 : 09:00~17:00",매주 월요일 및 법정공휴일,02-540-7042,https://library.gangnam.go.kr/cdlib,강남구,서울특별시 강남구 압구정로79길 26 청담주민센터 7층,37.52573249,127.0491981
행복한도서관,"평일 : 09:00~22:00, 주말 : 09:00~17:00",매주 화요일 및 법정공휴일,02-567-3833,http://library.gangnam.go.kr/happylib,강남구,서울특별시 강남구 영동대로65길 24(대치2문화센터 3층),37.50299509,127.0641595
강동구립강일도서관,"평일 : 09:00~22:00, 주말 : 09:00~17:00",매주 화요일 및 법정 공휴일,02-427-7676,http://www.gdlibrary.or.kr,강동구,서울특별시 강동구 아리수로 93길 9-14,37.56577294,127.1738009
강동구립도서관,"평일 : 09:00~22:00, 주말 : 09:00~17:00",매주 월요일 및 법정공휴일,02-2045-7915,https://www.gdlibrary.or.kr/,강동구,서울특별시 강동구 동남로 870(상일동) 강동문화재단,37.55193762,127.1573344
강동구립둔촌도서관,"평일 : 09:00~18:00, 주말 : 09:00~17:00",매주 화요일 및 법정 공휴일,02-489-6557,http://www.gdlibrary.or.kr,강동구,서울특별시 강동구 동남로49길 21-8,37.53332545,127.1481768
강동구립성내도서관,"평일 : 09:00~18:00, 주말 : 09:00~17:00",매주 월요일 및 법정 공휴일,02-471-1071,http://www.gdlibrary.or.kr,강동구,서울특별시 강동구 성안로 106-1,37.53347672,127.1333712
강동구립암사도서관,"평일 : 09:00~22:00, 주말 : 09:00~22:00",매주 월요일 및 법정 공휴일,02-429-0476,http://www.gdlibrary.or.kr,강동구,서울특별시 고덕로 20길 42 (암사동 471-37),37.55344681,127.1332598
강동구립천호도서관,"평일 : 09:00~18:00, 주말 : 09:00~17:00",매주 월요일 및 법정 공휴일,02-488-7223,http://www.gdlibrary.or.kr,강동구,서울특별시 강동구 성안로 31마길 1(천호3동 제2공영주차장 지상 2층),37.54129547,127.134013
강동구립해공도서관,"평일 : 09:00~22:00, 주말 : 09:00~22:00",매주 화요일 및 법정 공휴일,02-478-9656,http://www.gdlibrary.or.kr,강동구,서울특별시 강동구 올림픽로 702,37.54464957,127.1256098
명성교회도서관,"평일 : 10:00~18:00, 주말 : 10:00~17:30",매주 월요일,02-440-9140,http://www.mslib.or.kr,강동구,서울특별시 강동구 상암로51길 8,37.54763504,127.1463483
서울특별시교육청강동도서관,"평일 : 09:00~20:00, 주말 : 09:00~17:00","1,3주 목요일 및 법정공휴일",02-2225-9800~3,http://gdlib.sen.go.kr,강동구,서울특별시 강동구 양재대로116길 57,37.53935135,127.1438026
서울특별시교육청고덕평생학습관,"평일 : 09:00~20:00, 주말 : 09:00~17:00","2,4주 월요일 및 법정공휴일",02-6902-2600,http://gdllc.sen.go.kr,강동구,서울특별시 강동구 고덕로 295 (고덕2동 296),37.55667946,127.1580959
강북문화정보도서관,"평일 : 07:00~22:00, 주말 : 07:00~22:00",매월 둘째/넷째 월요일 및 법정공휴일,02-944-3100,https://www.gblib.or.kr/gangbuk/,강북구,서울특별시 강북구 오현로 145,37.62581927,127.0360733
강북청소년문화정보도서관,"평일 : 07:00~22:00, 주말 : 07:00~22:00",매월 둘째/넷째 월요일 및 법정공휴일,02-944-3140,https://www.gblib.or.kr/youth/,강북구,서울특별시 강북구 삼양로54길 68,37.62370939,127.02161
미아문화정보도서관,"평일 : 07:00~22:00, 주말 : 07:00~22:00",매월 둘째/넷째 월요일 및 법정공휴일,02-944-3180,https://www.gblib.or.kr/mia/,강북구,서울특별시 강북구 솔매로49길 14,37.627931,127.0272038
삼각산어린이도서관,"평일 : 09:00~18:00, 주말 : 09:00~17:00",매월 둘째/넷째 월요일 및 법정공휴일,02-944-3190,https://www.gblib.or.kr/kids/,강북구,서울특별시 강북구 삼양로19길 34,37.61646236,127.0171941
솔샘문화정보도서관,"평일 : 07:00~22:00, 주말 : 07:00~22:00",매월 첫째/셋째 월요일 및 법정공휴일,02-944-3150,https://www.gblib.or.kr/solsem/,강북구,서울특별시 강북구 솔샘로 177,37.62060134,127.0123668
송중문화정보도서관,"평일 : 07:00~22:00, 주말 : 07:00~22:00",매월 첫째/셋째 월요일 및 법정공휴일,02-944-3160,https://www.gblib.or.kr/songjung/,강북구,서울특별시 강북구 도봉로20나길 6,37.61846386,127.0298995
수유문화정보도서관,"평일 : 07:00~22:00, 주말 : 07:00~22:00",매월 첫째/셋째 월요일 및 법정공휴일,02-944-3170,https://www.gblib.or.kr/suyu/,강북구,서울특별시 강북구 삼양로 299,37.63078149,127.017489
가양도서관,"평일 및 토요일 : 09:00~22:00, 일요일 : 09:00~18:00",매주 월요일 및 법정 공휴일,02-3665-8797,http://lib.gangseo.seoul.kr,강서구,서울특별시 강서구 양천로61길101(가양동 1493),37.56022231,126.865265
강서영어도서관,"평일 및 토요일 : 09:00~22:00, 일요일 : 09:00~18:00",매주 월요일 및 법정 공휴일,02-2061-2270,http://lib.gangseo.seoul.kr,강서구,서울특별시 강서구 곰달래로57가길 26,37.53465859,126.8605903
곰달래도서관,"평일 및 토요일 : 09:00~22:00, 일요일 : 09:00~18:00",매주 월요일 및 법정 공휴일,02-2065-3785,http://lib.gangseo.seoul.kr,강서구,"서울특별시 강서구 강서로5길 50 (곰달래문화복지센터 5, 6층)",37.52921235,126.8491613
길꽃어린이도서관,"평일 및 토요일 : 09:00~22:00, 일요일 : 09:00~18:00",매주 월요일 및 법정 공휴일,02-2663-4764,http://lib.gangseo.seoul.kr,강서구,서울특별시 강서구 금낭화로24길 5,37.57882108,126.8138131
꿈꾸는어린이도서관,"평일 및 토요일 : 09:00~22:00, 일요일 : 09:00~18:00",매주 월요일 및 법정 공휴일,02-3663-4025,http://lib.gangseo.seoul.kr,강서구,서울특별시 강서구 공항대로 615,37.54734722,126.8733046
등빛도서관,"평일 및 토요일 : 09:00~22:00, 일요일 : 09:00~18:00",매주 월요일 및 법정 공휴일,02-3664-6990,http://lib.gangseo.seoul.kr/,강서구,서울특별시 강서구 강서로62길 48,37.56241835,126.842326
서울특별시교육청강서도서관,"평일 : 09:00~20:00, 주말 : 09:00~17:00","1,3주 금요일 및 법정공휴일",02-3219-7000,http://gslib.sen.go.kr,강서구,서울특별시 강서구 등촌로51나길 29,37.54787696,126.8598807
우장산숲속도서관,"평일 및 토요일 : 09:00~22:00, 일요일 : 09:00~18:00",매주 월요일 및 법정 공휴일,02-2696-6690,http://lib.gangseo.seoul.kr,강서구,서울특별시 강서구 우현로 34,37.54826422,126.8418029
푸른들청소년도서관,"평일 및 토요일 : 09:00~22:00, 일요일 : 09:00~18:00",매주 월요일 및 법정 공휴일,02-2691-1630,http://lib.gangseo.seoul.kr,강서구,서울특별시 강서구 강서로45다길 71,37.54467801,126.8351484
관악중앙도서관,"평일 : 09:00~22:00, 주말 : 09:00~17:00",매주 월요일 및 법정 공휴일,02-828-5700,http://lib.gwanak.go.kr,관악구,서울특별시 관악구 신림로 3길 35,37.46776112,126.9448638
글빛정보도서관,"평일 : 09:00~22:00, 주말 : 09:00~17:00",매주 월요일 및 법정 공휴일,02-878-7460,http://lib.gwanak.go.kr,관악구,서울특별시 관악구 관악로 30길 23,37.4863957,126.9596418
성현동작은도서관,"평일 : 09:00~19:00, 주말 : 09:00~17:00",매주 월요일 및 법정 공휴일,02-877-7182-3,http://lib.gwanak.go.kr,관악구,서울특별시 관악구 관악로37길 56 동아아파트 상가B동 5층,37.4873843,126.9561248
은천동작은도서관,"평일 : 09:00~20:00, 주말 : 09:00~17:00",매주 월요일 및 법정 공휴일,02-877-1162-4,http://lib.gwanak.go.kr,관악구,서울특별시 관악구 봉천로33나길 30,37.48536381,126.9424039
조원도서관,"평일 : 09:00~20:00, 주말 : 09:00~17:00",매주 월요일 및 법정 공휴일,02-851-5571-2,http://lib.gwanak.go.kr,관악구,서울특별시 관악구 조원로12길 25,37.48275076,126.9077982
광진정보도서관,"평일 : 09:00~22:00, 주말 : 09:00~18:00",매월둘째/넷째화요일및법정공휴일,02-3437-5092~5  ,http://www.gwangjinlib.seoul.kr/,광진구,서울특별시 광진구 아차산로78길 90(광장동),37.55125798,127.110556
구의제3동도서관,"평일 : 09:00~20:00, 주말 : 09:00~18:00",매월둘째/넷째월요일및법정공휴일,02-454-6294,http://www.gwangjinlib.seoul.kr/,광진구,서울특별시 광진구 강변역로 17(구의동),37.53831319,127.0918926
군자동도서관,"평일 : 09:00~20:00, 주말 : 09:00~18:00",매월첫째/셋째화요일및법정공휴일,02-2049-2960,http://www.gwangjinlib.seoul.kr/,광진구,서울특별시 광진구 면목로 13 군자동복합청사 1층,37.55550341,127.0754525
아차산숲속도서관,"평일 : 09:00~18:00, 주말 : 09:00~18:00","매주 화요일, 법정 공휴일, 임시 공휴일",,http://www.gwangjinlib.seoul.kr/,광진구,서울특별시 광진구 영화사로 139,37.55272609,127.1007553
자양제4동도서관,휴관중,휴관중,02-465-0737-8,http://www.gwangjinlib.seoul.kr/,광진구,서울특별시 광진구 뚝섬로26길 58 (자양동),37.53420234,127.0662401
자양한강도서관,"평일 : 09:00~20:00, 주말 : 09:00~18:00",매월둘째/넷째월요일 및 법정공휴일,02-456-0048,http://www.gwangjinlib.seoul.kr/,광진구,서울특별시 광진구 뚝섬로52길 66(자양동),37.52917888,127.0780552
중곡문화체육센터도서관,"평일 : 09:00~22:00, 주말 : 09:00~18:00",매월첫째/셋째월요일및법정공휴일,02-3408-4960,http://www.gwangjinlib.seoul.kr/,광진구,서울특별시 광진구 능동로 433 (중곡동),37.56784419,127.084676
개봉도서관,"평일 : 09:00~22:00, 주말 : 09:00~22:00",매주 화요일 및 법정 공휴일,02-2689-1695,http://lib.guro.go.kr,구로구,서울특별시 구로구 개봉로16길 30-11,37.48898674,126.858875
개봉어린이도서관,"평일 : 10:00~19:00, 주말 : 10:00~17:00",매주 월요일 및 법정 공휴일,02-2066-1659,http://lib.guro.go.kr,구로구,서울특별시 구로구 경인로 318-15,37.49678271,126.8558989
구로구립온누리도서관,"평일 : 09:00~22:00, 주말 : 09:00~22:00",매주 화요일 및 법정 공휴일,02-858-9080,http://lib.guro.go.kr,구로구,"서울특별시 구로구 구로중앙로27나길 9, 4층 (구로초등학교 온누리관)",37.49721855,126.8853814
구로기적의도서관,"평일 : 10:00~20:00, 주말 : 10:00~17:00",매주 월요일 및 법정 공휴일,02-2632-8878,http://lib.guro.go.kr,구로구,서울특별시 구로구 구로중앙로40길 24(신도림동),37.50664743,126.8772929
구로꿈나무도서관,"평일 : 10:00~19:00, 주말 : 10:00~17:00",매주 화요일 및 법정 공휴일,02-830-1623,http://lib.guro.go.kr,구로구,"서울특별시 구로구 구로동로26길 54, 2층 (구로구시설관리공단)",37.48966625,126.8864701
궁동어린이도서관,"평일 : 10:00~19:00, 주말 : 10:00~17:00",매주 화요일 및 법정 공휴일,02-2060-8229,http://lib.guro.go.kr,구로구,서울특별시 구로구 오리로 1352,37.50215818,126.8293451
글마루한옥어린이도서관,"평일 : 10:00~19:00, 주말 : 10:00~17:00",매주 화요일 및 법정 공휴일,02-2615-8200,http://lib.guro.go.kr,구로구,서울특별시 구로구 고척로27바길 7,37.50692784,126.8456251
꿈마을도서관,"평일 : 08:00~22:00, 주말 : 08:00~22:00",매주 월요일 및 법정 공휴일,02-830-5807,http://lib.guro.go.kr,구로구,서울특별시 구로구 디지털로27다길 65,37.48720941,126.8901713
서울특별시교육청고척도서관,"평일 : 09:00~20:00, 주말 : 09:00~17:00","2,4주 수요일 및 법정공휴일",02-2615-0524,http://gclib.sen.go.kr,구로구,서울특별시 구로구 고척로45길 31,37.5054459,126.8531411
서울특별시교육청구로도서관,"평일 : 09:00~20:00, 주말 : 09:00~17:00","1,3주 수요일 및 법정공휴일",02-6958-2800,http://grlib.sen.go.kr,구로구,서울특별시 구로구 공원로 15,37.49851961,126.891701
오류도서관,"평일 : 08:00~22:00, 주말 : 08:00~22:00",매주 월요일 및 법정 공휴일,070-4906-0554,https://lib.guro.go.kr,구로구,서울특별시 구로구 경인로19길 29-4,37.49732173,126.8420872
하늘도서관,"평일 : 08:00~22:00, 주말 : 08:00~22:00",매주 화요일 및 법정 공휴일,02-864-9585,http://lib.guro.go.kr,구로구,서울특별시 구로구 구로동로13길 68,37.48749395,126.8808965
금천구립가산도서관,"평일 : 07:00~22:00, 주말 : 07:00~22:00","매월 두번째, 네번째 월요일 및 법정 공휴일",02-865-6817~9,http://geumcheonlib.seoul.kr,금천구,서울특별시 금천구 가산로5길 43,37.47351336,126.8920596
금천구립금나래도서관,"평일 : 09:00~22:00, 주말 : 09:00~22:00",매월 마지막주 일요일 및 법정 공휴일,02-2627-2992,http://geumcheonlib.seoul.kr,금천구,서울특별시 금천구 시흥대로73길 70,37.45680904,126.8953945
금천구립독산도서관,"평일 : 07:00~22:00, 주말 : 07:00~22:00","매월 첫번째,세번째 월요일 및 법정 공휴일",02-863-9544,http://geumcheonlib.seoul.kr,금천구,서울특별시 금천구 독산로54길 114,37.46755399,126.9080582
금천구립시흥도서관,"평일 : 07:00~22:00, 주말 : 07:00~22:00","매월 첫번째,세번째 금요일 및 법정 공휴일",02-809-8242,http://geumcheonlib.seoul.kr,금천구,서울특별시 금천구 금하로 764(시흥동) 금천종합복지타운(시흥2동주민센터),37.44965913,126.9144045
공릉행복발전소공릉도서관,"평일 : 09:00~18:00, 토 : 09:00~17:00","매주 일요일, 법정공휴일",02-976-3820,http://www.nowonlib.kr/,노원구,서울특별시 노원구 동일로179길 22,37.62232146,127.0727519
노원어린이도서관,"평일 : 09:00~18:00, 주말 : 09:00~17:00","매달 둘째, 넷째 월요일 및 법정공휴일",02-933-7145,http://www.nowonlib.kr,노원구,서울특별시 노원구 한글비석로 346,37.65827574,127.0766402
노원중앙도서관,"평일 : 09:00~20:00, 주말 : 09:00~17:00","매월 첫째,셋째 월요일 및 법정 공휴일",02-950-0050,http://www.nowonlib.kr,노원구,서울특별시 노원구 노원로34길 43,37.66114085,127.0650278
불암도서관,"평일 : 09:00~20:00, 주말 : 09:00~17:00","매월 첫째,셋째 월요일 및 법정 공휴일",02-935-0721,http://www.nowonlib.kr,노원구,서울특별시 노원구 중계로 106,37.6452974,127.0825641
상계도서관,"평일 : 09:00~20:00, 주말 : 09:00~17:00","매달 둘째, 넷째 월요일 및 법정공휴일",02-3391-7882,http://www.nowonlib.kr,노원구,서울특별시 노원구 동일로243길 57,37.67845213,127.0518521
서울특별시교육청노원평생학습관,"평일 : 09:00~20:00, 주말 : 09:00~17:00","2,4주 월요일 및 법정공휴일",02-979-1741,http://nwllc.sen.go.kr,노원구,서울특별시 노원구 동일로204길 13,37.63939052,127.0677444
월계도서관,"평일 : 09:00~20:00, 주말 : 09:00~17:00","매월 첫째, 셋째 월요일 및 법정공휴일",02-991-0871,http://www.nowonlib.kr,노원구,서울특별시 노원구 월계로 319,37.62866105,127.0561084
월계어린이도서관,"평일 : 09:00∼18:00, 토 : 09:00∼17:00","매주 일요일, 법정공휴일, 임시공휴일",070-4238-5148,http://www.nowonlib.kr/,노원구,서울특별시 월계로 42길 9 월계문화복지센터,37.62427832,127.0507542
하계어린이도서관,"평일 : 09:00∼18:00, 토 : 09:00∼17:00","매주일요일, 법정공휴일, 임시공휴일",02-979-7644,http://www.nowonlib.kr/,노원구,서울특별시 노원구 공릉로62길 18(하계어울림센터),37.63605555,127.0723147
한내지혜의숲도서관,"평일 : 09:00∼18:00, 토 : 09:00∼17:00","매주일요일, 법정공휴일, 임시공휴일",02-979-7420,http://www.nowonlib.kr,노원구,서울특별시 노원구 마들로86(월계동) 한내근린공원내,37.62369072,127.068753
향기나무도서관,"평일 : 09:00∼18:00, 토 : 09:00∼17:00","매주일요일, 법정공휴일, 임시공휴일",02-2116-4448,http://www.nowonlib.kr/,노원구,서울특별시 노원구 노원로 331 노원아동복지관,37.6456076,127.0702728
화랑도서관,"평일 : 09:00~22:00, 토 : 09:00~18:00, 일 : 09:00~17:00","매주 월요일, 법정공휴일",02-973-1318,http://www.gycenter.or.kr/,노원구,서울특별시 노원구 노원로1나길 10,37.62151644,127.0830192
김근태기념도서관,"평일 : 09:00~20:00, 주말 : 09:00~17:00",매주월요일및법정공휴일,02-956-3100,"http://www.unilib.dobong.kr/, www.geuntae.co.kr",도봉구,서울특별시 도봉구 도봉산길 14,37.68806308,127.0336305
도봉기적의도서관,"평일 : 09:00~20:00, 주말 : 09:00~17:00",매주화요일및법정공휴일,02-3493-7171,http://www.unilib.dobong.kr/,도봉구,서울특별시 도봉구 마들로 797,37.68097593,127.0501886
도봉문화정보도서관,"평일 : 09:00~22:00, 주말 : 09:00~17:00",매주화요일및법정공휴일,02-900-1835,http://www.unilib.dobong.kr/,도봉구,서울특별시 도봉구 덕릉로 315,37.64452351,127.043968
도봉아이나라도서관,"평일 : 09:00~18:00, 주말 : 09:00~17:00",매주화요일및법정공휴일,02-995-4171~2,http://www.unilib.dobong.kr/,도봉구,서울특별시 도봉구 노해로 69길 151,37.65905163,127.0494744
둘리도서관,"평일 : 10:00~17:30, 주말 : 휴관일",매주월요일및법정공휴일,02-990-2200,http://www.unilib.dobong.kr/,도봉구,서울특별시 도봉구 시루봉로1길 6,37.6523154,127.0275989
서울특별시교육청도봉도서관,"평일 : 09:00~20:00, 주말 : 09:00~17:00","2,4주 수요일 및 법정공휴일",02-6714-7400,http://dblib.sen.go.kr/,도봉구,서울특별시 도봉구 삼양로 556,37.65275795,127.0129933
쌍문채움도서관,"평일 : 09:00~20:00, 주말 : 09:00~17:00",매주월요일및법정공휴일,02-998-0910,http://www.unilib.dobong.kr/,도봉구,서울특별시 도봉구 우이천로 340,37.64699408,127.0261934
원당마을한옥도서관,"평일 : 09:00~20:00, 주말 : 09:00~17:00",매주화요일및법정공휴일,02-906-2022,http://www.unilib.dobong.kr/,도봉구,서울특별시 도봉구 해등로32가길 17,37.66057359,127.0215009
학마을도서관,"평일 : 09:00~22:00, 주말 : 09:00~17:00",매주월요일및법정공휴일,02-955-0655,http://www.unilib.dobong.kr/,도봉구,서울특별시 도봉구 시루봉로 128,37.66224354,127.0278744
동대문구답십리도서관,"평일 : 09:00~21:00, 주말 : 09:00~18:00(코로나19에 따른 단축운영)",매주 금요일 및 법정 공휴일(일요일 제외),02-982-1959,http://www.l4d.or.kr,동대문구,서울특별시 동대문구 서울시립대로4길 75,37.5731755,127.050499
동대문구정보화도서관,"평일 : 09:00~21:00, 주말 : 09:00~18:00(코로나19에 따른 단축운영)",매주 월요일 및 법정 공휴일(일요일 제외),02-960-1959,http://www.l4d.or.kr,동대문구,서울특별시 동대문구 회기로10길 60,37.58994554,127.0472749
동대문책마당도서관,평일 : 09:00~18:00,법정공휴일,02-2127-4116,http://www.l4d.or.kr,동대문구,서울특별시 동대문구 천호대로 145,37.57423776,127.0398333
배봉산 숲속도서관,"평일 : 09:00~21:00, 주말 : 09:00~18:00(코로나19에 따른 단축운영)",매주 월요일 및 법정 공휴일(일요일 제외),02-2212-8502,http://www.l4d.or.kr,동대문구,서울특별시 동대문구 전농로16길 97,37.57841921,127.062784
서울특별시교육청동대문도서관,"평일 : 09:00~20:00, 주말 : 09:00~17:00","2,4주 수요일 및 법정공휴일",02-2170-1000,http://ddmlib.sen.go.kr,동대문구,서울특별시 동대문구 천호대로4길 22,37.57350708,127.0247823
장안어린이도서관,"평일 : 10:00~18:00, 주말 : 10:00~18:00",매주 금요일 및 법정 공휴일(일요일 제외),02-2249-1959,http://www.l4d.or.kr,동대문구,서울특별시 동대문구 장한로26다길 10,37.57126222,127.0732142
휘경어린이도서관,"평일 : 09:00~18:00, 주말 : 09:00~18:00","매주 월요일, 법정 공휴일",02-2248-1959,http://www.l4d.or.kr/,동대문구,서울특별시 동대문구 망우로18가길 38,37.58856536,127.060689
휘경행복도서관,"평일 : 09:00~18:00, 주말 : 09:00~18:00",매주 금요일 및 법정 공휴일(일요일 제외),02-2249-9701,http://www.l4d.or.kr,동대문구,서울특별시 동대문구 장안벚꽃로 323,37.58724642,127.0700099
구립김영삼도서관,"평일 : 09:00~22:00, 주말 : 09:00~17:00","매주 월요일, 법정공휴일",02-827-0557,http://lib.dongjak.go.kr,동작구,서울특별시 동작구 매봉로 1(상도1동 611),37.50537094,126.9498631
까망돌도서관,"평일 : 09:00~18:00, 주말 : 09:00∼17:00","매주 월요일, 법정공휴일",02-815-3701,http://lib.dongjak.go.kr,동작구,서울특별시 동작구 서달로 129(흑석동 340-1),37.50506121,126.9606641
대방어린이도서관,"평일 : 09:00~18:00, 주말 : 09:00~17:00","매주 월요일, 법정공휴일",02-813-6740,http://lib.dongjak.go.kr,동작구,서울특별시 동작구 대방동길55(대방동379-2),37.50314157,126.925497
동작어린이도서관,"평일 : 09:00~18:00, 주말 : 09:00~17:00","매주 월요일, 법정공휴일",02-823-6750,http://lib.dongjak.go.kr,동작구,서울특별시 동작구 장승배기로 16길 98(노량진 2동 225-161),37.50917758,126.9433667
사당솔밭도서관,"평일 : 09:00~22:00, 주말 : 09:00~17:00","매주 월요일, 법정공휴일",02-585-8411-2,http://lib.dongjak.go.kr,동작구,서울특별시 동작구 솔밭로 86,37.4841047,126.9673836
서울특별시교육청동작도서관,"평일 : 09:00~20:00, 주말 : 09:00~17:00","2,4주 금요일 및 법정공휴일",02-823-6419,http://djlib.sen.go.kr,동작구,서울특별시 동작구 장승배기로 94,37.50597393,126.940049
약수도서관,"평일 : 09:00~18:00, 주말 : 09:00∼17:00","매주 월요일, 법정공휴일",02-823-1907,http://lib.dongjak.go.kr,동작구,서울특별시 동작구 양녕로22바길 64(상도동),37.49789062,126.9474393
마포구립서강도서관,"평일 : 09:00~20:00, 주말 : 09:00~18:00",매주 화요일 및 법정공휴일,02-3141-7053,https://mplib.mapo.go.kr/sglib/index.do,마포구,서울특별시 마포구 독막로 165,37.54772022,126.9320516
마포중앙도서관,"평일 : 09:00~20:00, 주말 : 09:00~18:00",매주월요일및법정공휴일,02-3153-5800,http://www.mplib.mapo.go.kr,마포구,서울특별시 마포구 성산로 128(성산동),37.56392159,126.9079909
마포푸르메어린이도서관,"평일 : 09:00~18:00, 주말 : 토요일:10:00~16:00",매주 일요일 및 법정공휴일,02-6070-9286,http://www.mplib.mapo.go.kr,마포구,서울특별시 마포구 월드컵북로 494 푸르메재단 넥슨어린이재활병원 1층,37.58449309,126.8805722
서울특별시교육청마포평생학습관,"평일 : 09:00~20:00, 주말 : 09:00~17:00","2,4주 월요일 및 법정공휴일",02-2137-0000,http://mpllc.sen.go.kr,마포구,서울특별시 마포구 홍익로2길 16,37.55431348,126.9242359
서울특별시교육청마포평생학습관아현분관,"평일 : 09:00~20:00, 주말 : 09:00~17:00","2,4주 월요일 및 법정공휴일",02-362-8785,http://ahyon.sen.go.kr,마포구,서울특별시 마포구 마포대로 224,37.55387419,126.9572165
소금나루도서관,"평일 : 09:00~20:00, 주말 : 09:00~17:00","매주 금요일, 법정공휴일",02-3153-1603,https://mplib.mapo.go.kr/sglib/index.do,마포구,서울특별시 숭문길 72,37.54960562,126.9460697
남가좌새롬어린이도서관,"평일 : 09:00~18:00, 주말 : 09:00~17:00",매주 월요일 및 법정 공휴일,02-360-8670,http://lib.sdm.or.kr,서대문구,서울특별시 서대문구 증가로10길 16-15,37.57833403,126.9239986
서대문구립이진아기념도서관,"평일 : 09:00~18:00, 주말 : 09:00~17:00",매주 월요일 및 법정 공휴일,02-360-8600,http://lib.sdm.or.kr,서대문구,서울특별시 서대문구 독립문공원길 80,37.57292424,126.9555758
서울특별시교육청서대문도서관,"평일 : 09:00~20:00, 주말 : 09:00~17:00","1,3주 화요일 및 법정공휴일",02-6948-2115,http://sdmlib.sen.go.kr,서대문구,서울특별시 서대문구 모래내로 412,37.58344329,126.9410356
홍은도담도서관,"평일 : 09:00~18:00, 주말 : 09:00~17:00",매주 금요일,02-360-8640,http://lib.sdm.or.kr/,서대문구,서울특별시 서대문구 홍은중앙로 129,37.60170335,126.9490375
국립중앙도서관,"평일 : 09:00~18:00, 주말 : 09:00~18:00","둘째,넷째 월요일/법정공휴일(일요일제외)",02-535-4142,http://www.nl.go.kr,서초구,서울특별시 서초구 반포대로 201,37.49774439,127.0028267
방배도서관,"평일 : 09:00~21:00, 주말 : 09:00~18:00","매주 월요일, 법정 공휴일, 임시 공휴일",02-3471-3993,https://bangbae.seocholib.or.kr/,서초구,서울특별시 서초구 방배로 40,37.4784388,126.9999842
서이도서관,"평일 : 09:00~21:00, 주말 : 09:00~18:00","매주 월요일, 법정 공휴일, 임시 공휴일",02-3471-1337,https://seoi.seocholib.or.kr/,서초구,서울특별시 서초구 서초대로70길 51,37.49207961,127.0248699
서초구립내곡도서관,"평일 : 09:00~22:00, 주말 : 09:00~18:00","매주 월요일, 법정 공휴일, 임시 공휴일",02-3461-3007,http://naegok.seocholib.or.kr,서초구,서울특별시 서초구 청계산로7길 9-20,37.4523203,127.0541997
서초구립반포도서관,"평일 : 09:00~22:00, 주말 : 09:00~18:00","매주 월요일, 법정 공휴일, 임시 공휴일",02-520-8700,http://www.seocholib.or.kr,서초구,서울특별시 서초구 고무래로 34,37.50248872,127.0124134
서초구립양재도서관,"평일 : 09:00~22:00, 주말 : 09:00~20:00","매주 금요일, 법정 공휴일, 임시 공휴일",02-3486-4050,https://yangjae.seocholib.or.kr/,서초구,서울특별시 서초구 양재천로 33,37.47373873,127.0335592
서초그림책도서관,"평일 : 09:00~21:00, 주말 : 09:00~18:00","매주 월요일, 법정 공휴일, 임시 공휴일",02-3471-0995,https://picturebook.seocholib.or.kr/,서초구,서울특별시 서초구 명달로 150,37.48361853,127.0049672
서초청소년도서관,"평일 : 10:00~22:00, 주말 : 09:00~20:00","매주 화요일, 법정 공휴일, 임시 공휴일",02-3486-9543,https://seocho.seocholib.or.kr/,서초구,서울특별시 서초구 효령로77길 37,37.49219131,127.0279799
잠원도서관,"평일 : 09:00~21:00, 주말 : 09:00~18:00","매주 월요일, 법정 공휴일, 임시 공휴일",02-3477-8655,https://jamwon.seocholib.or.kr/,서초구,서울특별시 서초구 나루터로 38,37.51494558,127.0139131
성동구립금호도서관,"화~금 07:00~22:00, 토~일 09:00~20:00",매주 월요일 및 법정공휴일,02-2204-6450,www.sdlib.or.kr/KH,성동구,서울특별시 성동구 난계로 20,37.55417684,127.0249376
성동구립도서관,화~일 07:00~22:00,매주 월요일 및 법정공휴일,02-2204-6420,www.sdlib.or.kr/SD,성동구,서울특별시 성동구 고산자로10길 9,37.55922087,127.0349287
성동구립무지개도서관,"월 09:00~18:00, 화~일 09:00~21:00",법정공휴일,02-2286-6025,www.sdlib.or.kr/RB,성동구,서울특별시 성동구 고산자로 270,37.5631182,127.036698
성동구립성수도서관,"화~금 08:00~22:00, 토~일 09:00~20:00",매주 월요일 및 법정공휴일,02-2204-7590,www.sdlib.or.kr/SS,성동구,서울특별시 성동구 뚝섬로1길 43,37.54543263,127.0469688
성동구립숲속도서관,화~일 10:00~20:00,매주 월요일 및 법정공휴일,02-2204-6485,www.sdlib.or.kr/fore,성동구,서울특별시 성동구 매봉길 49-29,37.54598018,127.01088
성동구립용답도서관,"화~금 07:00~22:00, 토~일 09:00~20:00",매주 월요일 및 법정공휴일,02-2204-6470,www.sdlib.or.kr/YD,성동구,서울특별시 성동구 용답중앙3길 10,37.56674772,127.0513053
성동구립청계도서관,화~일 09:00~20:00,매주 월요일 및 법정공휴일,02-2204-7580,www.sdlib.or.kr/CG,성동구,서울특별시 성동구 마장로 141,37.56792212,127.0254505
글빛도서관,"평일 : 09:00~18:00, 주말 : 09:00~18:00","매주 월요일 / 일요일을 제외한 법정공휴일, 도서관사정에 의한 임시휴관일",02-6906-0559,https://www.sblib.seoul.kr/gbitlib/index.do,성북구,서울특별시 성북구 길음로7길 20,37.60383751,127.0224771
달빛마루도서관,"평일 : 09:00~18:00, 주말 : 09:00~18:00","매주 월요일, 법정공휴일",02-911-0993,http://dalbit.sblib.seoul.kr,성북구,서울특별시 성북구 종암로 167 104동 2층,37.60528229,127.0309877
석관동미리내도서관,"평일 : 09:00~18:00, 주말 : 09:00~18:00","매주 월요일, 법정공휴일",02-960-5067,http://mirinae.sblib.seoul.kr,성북구,서울특별시 성북구 한천로66길 203,37.61350865,127.0654049
성북길빛도서관,"평일 : 09:00~18:00, 주말 : 09:00~18:00","매주 월요일 / 일요일을 제외한 법정공휴일, 도서관사정에 의한 임시휴관일",02-6949-0031,https://www.sblib.seoul.kr/gblib,성북구,서울특별시 성북구 숭인로8길 52,37.60986006,127.0263257
성북정보도서관,"평일 : 09:00~18:00, 주말 : 09:00~18:00","매월 첫째, 셋째주 월요일",02-962-1081,http://lib.sblib.seoul.kr,성북구,서울특별시 성북구 화랑로18자길 13,37.60498814,127.0505745
아리랑도서관,"평일 : 09:00~18:00, 주말 : 09:00~18:00","매월 둘째, 넷째주 월요일",02-3291-4990,https://www.sblib.seoul.kr/arlib/index.do,성북구,서울특별시 성북구 아리랑로 82,37.59992898,127.0139159
아리랑어린이도서관,"평일 : 09:00~18:00, 주말 : 09:00~18:00","매월 두 번째, 네 번째 월요일",02-3291-4992,https://www.sblib.seoul.kr/arclib/index.do,성북구,서울특별시 성북구 아리랑로 75,37.59911737,127.0137918
월곡꿈그림도서관,"평일 : 09:00~18:00, 주말 : 09:00~18:00","월요일,법정공휴일",02-6949-1553,www.sblib.seoul.kr/wglib/,성북구,서울특별시 성북구 화랑로13길 17 월곡꿈그림도서관,37.60412048,127.0418039
장위행복누림도서관,"평일 : 09:00~18:00, 주말 : 09:00~18:00",매주 월요일 및 법정공휴일,02-6954-7955,https://www.sblib.seoul.kr/jwlib/,성북구,서울특별시 성북구 장위로21다길53,37.61604982,127.0459923
정릉도서관,"평일 : 09:00~18:00, 주말 : 09:00~18:00","매주 월요일, 법정공휴일",02-2038-9928,http://jn.sblib.seoul.kr/,성북구,서울특별시 성북구 정릉로 242,37.612214,127.0076798
종암동새날도서관,"평일 : 09:00~18:00, 주말 : 09:00~18:00","매주 월요일, 법정공휴일",02-6925-6920,http://sn.sblib.seoul.kr,성북구,서울특별시 성북구 종암로 98-8,37.59904568,127.0351828
청수도서관,"평일 : 09:00~18:00, 주말 : 09:00~18:00","매주 월요일 / 일요일을 제외한 법정공휴일, 도서관사정에 의한 임시휴관일",02-2038-4423,http://ch.sblib.seoul.kr/,성북구,서울특별시 성북구 보국문로16가길 20,37.61167517,127.0107518
해오름도서관,"평일 : 09:00~18:00, 주말 : 09:00~18:00",매주 월요일 및 법정공휴일,02-6025-7002,https://www.sblib.seoul.kr/horlib/,성북구,서울특별시 성북구 성북로4길 52,37.59409059,127.0105259
가락몰도서관,"평일 : 09:00~20:00, 주말 : 09:00~18:00",매주 월요일 및 법정공휴일,"02-3435-0950, 0956",http://www.splib.or.kr,송파구,서울특별시 송파구 양재대로 932 서울시농수산식품공사 가락몰 업무동 4층,37.49509466,127.1155212
거마도서관,"평일 : 09:00~22:00, 주말 : 09:00~20:00",매주 월요일 및 법정공휴일,02-449-2332,http://www.splib.or.kr,송파구,서울특별시 송파구 거마로2길19,37.49352528,127.1468402
돌마리도서관,"평일 : 09:00~22:00, 주말 : 09:00~18:00",매주 월요일 및 법정공휴일,02-414-7007,http://www.splib.or.kr,송파구,서울특별시 송파구 백제고분로 37길 16,37.50352909,127.1036504
서울특별시교육청송파도서관,"평일 : 09:00~20:00, 주말 : 09:00~17:00","2,4주 화요일 및 법정공휴일",02-3434-3333,http://splib.sen.go.kr,송파구,서울특별시 송파구 동남로 263,37.49998039,127.1347943
소나무언덕2호도서관,"평일 : 09:00~22:00, 주말 : 09:00~18:00",매주 월요일 및 법정공휴일,02-424-0083,http://www.splib.or.kr,송파구,서울특별시 송파구 석촌호수로 155 잠실3동 자치회관 2관 2층,37.50719654,127.0942081
소나무언덕3호도서관,"평일 : 09:00~22:00, 주말 : 09:00~18:00",매주 월요일 및 법정공휴일,02-443-0130,http://www.splib.or.kr,송파구,서울특별시 송파구 성내천로 319 4층,37.49234681,127.156595
소나무언덕잠실본동도서관,"평일 : 09:00~18:00, 주말 : 09:00~18:00",매주 월요일 및 법정공휴일,02-412-0750,http://www.splib.or.kr,송파구,"서울특별시 송파구 탄천동로 205 (잠실빗물펌프장 관사동 1,2층)",37.50292929,127.0774646
송파글마루도서관,"평일 : 09:00~22:00, 주말 : 09:00~20:00","매주 월요일, 법정공휴일(일요일 제외)",02-449-8855,http://www.splib.or.kr,송파구,서울특별시 송파구 충민로 120,37.4811258,127.1303481
송파어린이도서관,"평일 : 09:00~18:00, 주말 : 09:00~18:00",매주 월요일 및 법정공휴일,02-418-0303,http://www.splib.or.kr,송파구,서울특별시 송파구 올림픽로 105 (잠실동 19-6),37.51211268,127.0824674
송파어린이영어도서관,"평일 : 09:00~18:00, 주말 : 09:00~18:00",매주 월요일 및 법정공휴일,02-415-3567,http://www.splib.or.kr,송파구,서울특별시 송파구 오금로 1(신천동) 신천빗물펌프장 4~5층,37.52260359,127.1020678
송파위례도서관,"평일 : 09:00~22:00, 주말 : 09:00~20:00",매주 월요일 및 법정공휴일,02-402-3003,http://www.splib.or.kr,송파구,"서울특별시 송파구 장지동 위례광장로 210 위례동복합청사 4, 5층",37.48107543,127.143736
지샘터올림픽공원도서관,"평일 : 09:00~19:00, 주말 : 09:00~18:00","매주 월요일, 법정공휴일",02-2180-3578,http://lib.kspo.or.kr,송파구,서울특별시 송파구 올림픽로 424(방이동) 스포츠비즈홀 1층,37.52179915,127.1165212
갈산도서관,"평일 : 09:00~22:00, 주말 : 09:00~18:00",매주 월요일 및 법정공휴일,02-2645-5919,http://lib.yangcheon.or.kr/,양천구,서울특별시 양천구 목동남로4길 48-6,37.50901461,126.8671344
개울건강도서관,"평일 : 09:00~22:00, 주말 : 09:00~18:00",매주 일요일 및 법정공휴일,02-2603-5919,http://lib.yangcheon.or.kr/,양천구,서울특별시 양천구 중앙로52길 56,37.52595545,126.856601
목마교육도서관,"평일 : 09:00~22:00, 주말 : 09:00~18:00",매주 일요일 및 법정공휴일,02-2652-5919,http://lib.yangcheon.or.kr/,양천구,서울특별시 양천구 목동서로 41 목5동주민센터,37.53714749,126.8817292
미감도서관,"평일 : 09:00~18:00, 주말 : 09:00~18:00",매주 일요일 및 법정공휴일,02-2653-5919,http://lib.yangcheon.or.kr/,양천구,서울특별시 양천구 목동중앙남로 57-10(목동) 목사랑시장고객주차장 및 공유센터 3층,37.53895314,126.8654674
방아다리문학도서관,"평일 : 09:00~22:00, 주말 : 09:00~18:00",매주 일요일 및 법정공휴일,02-2604-5919,http://lib.yangcheon.or.kr/,양천구,서울특별시 양천구 화곡로4길 10,37.53856162,126.8271581
서울특별시교육청양천도서관,"평일 : 09:00~20:00, 주말 : 09:00~17:00","1,3주 목요일 및 법정공휴일",02-2062-3900,http://yclib.sen.go.kr,양천구,서울특별시 양천구 목동서로 113,37.53367319,126.8762103
신월음악도서관,"평일 : 09:00~22:00, 주말 : 09:00~18:00",매주 월요일 및 법정공휴일,02-2691-5919,http://lib.yangcheon.or.kr/,양천구,서울특별시 양천구 오목로5길 34,37.52469095,126.8400776
양천중앙도서관,"평일 : 09:00~22:00, 주말 : 09:00~18:00",매주 금요일 및 법정공휴일,02-2699-5919,http://lib.yangcheon.or.kr/,양천구,서울특별시 양천구 신정로7길 81,37.51366447,126.8338666
영어특성화도서관,"평일 : 09:00~22:00, 주말 : 09:00~18:00",매주 일요일 및 법정공휴일,02-2642-5919,http://lib.yangcheon.or.kr/,양천구,서울특별시 양천구 목동동로 81 해누리타운 7층 양천영어도서관 및 영어체험센터,37.51598225,126.8638642
해맞이역사도서관,"평일 : 09:00~22:00, 주말 : 09:00~18:00",매주 월요일 및 법정공휴일,02-2693-5919,http://lib.yangcheon.or.kr/,양천구,서울특별시 양천구 지양로 37,37.51909754,126.8355632
국회도서관,"평일 : 09:00~18:00, 주말 : 09:00~17:00","매월 둘째, 넷째 토요일",02-788-4211,http://www.nanet.go.kr,영등포구,서울특별시 영등포구 의사당대로 1,37.53119573,126.9170107
대림도서관,"평일 : 09:00~22:00, 주말 : 09:00~17:00",매주 월요일 및 법정공휴일,02-828-3700,http://www.dllib.or.kr,영등포구,서울특별시 영등포구 도신로 27,37.50426234,126.8960598
문래도서관,"평일 : 09:00~22:00, 주말 : 09:00~17:00",매주 월요일 및 법정공휴일,02-2629-8600,http://www.mllib.or.kr,영등포구,서울특별시 영등포구 문래로20길 49,37.51682206,126.8905692
밤동산마을도서관,"평일 : 09:00~20:00, 주말 : 09:00~17:00",매주 월요일 및 법정공휴일,02-849-9716,http://www.yulib.or.kr,영등포구,서울특별시 영등포구 여의대방로61길 18-2,37.51487003,126.9245103
서울특별시교육청영등포평생학습관,"평일 : 09:00~20:00, 주말 : 09:00~17:00","2,4주 월요일 및 법정공휴일",02-6712-7500,http://ydpllc.sen.go.kr,영등포구,서울특별시 영등포구 버드나루로15길 10,37.52599448,126.9072527
선유도서관,"평일 : 09:00~22:00, 주말 : 09:00~17:00",매주 월요일 및 법정공휴일,02-2163-0800,http://www.sylib.or.kr,영등포구,서울특별시 영등포구 선유로43가길 10-8,37.5333124,126.8929104
여의샛강마을도서관,"평일 : 09:00~20:00, 주말 : 09:00~17:00",매주 월요일 및 법정공휴일,02-2629-2222,http://www.yulib.or.kr,영등포구,서울특별시 영등포구 여의대로 24 전국경제인연합회 후생복지동,37.52169116,126.9200591
서울특별시교육청남산도서관,"평일 : 09:00~20:00, 주말 : 09:00~17:00","1,3주 월요일 및 법정공휴일",02-754-7338,http://nslib.sen.go.kr,용산구,서울특별시 용산구 소월로 109,37.55294124,126.9814161
서울특별시교육청용산도서관,"평일 : 09:00~20:00, 주말 : 09:00~17:00","2,4주 화요일 및 법정공휴일",02-6902-7777,http://yslib.sen.go.kr,용산구,서울특별시 용산구 두텁바위로 160,37.55193375,126.9801362
용산꿈나무도서관,"평일 : 09:00~21:00, 주말 : 09:00~17:00",매주 월요일 및 법정 공휴일,02-707-0138,https://www.yslibrary.or.kr/,용산구,"서울특별시 용산구 백범로329(원효로1가, 꿈나무타운) 3층",37.5385691,126.9654217
청파도서관,"평일 : 09:00~21:00, 주말 : 09:00~17:00",매주 월요일 및 법정 공휴일,02-714-3931,https://www.yslibrary.or.kr/,용산구,서울특별시 용산구 청파로93길 27(서계동) 1층,37.55391038,126.9675812
구산동도서관마을,"평일 : 09:00~22:00, 주말 : 09:00~18:00","매주 월요일, 법정공휴일",02-357-0100,http://www.gsvlib.or.kr,은평구,서울특별시 은평구 연서로 13길 29-23,37.60957777,126.9128611
내를건너서숲으로도서관,"평일 : 09:00~22:00, 주말 : 09:00~18:00","매주 월요일, 법정공휴일",02-307-6701~2,http://www.nslib.or.kr,은평구,서울특별시 은평구 증산로17길 50,37.59162113,126.9081319
상림도서관,"평일 : 09:00~18:00, 주말 : 09:00~18:00","매주 월요일, 법정공휴일",02-383-7557~8,http://www.eplib.or.kr/intro/lib01.asp,은평구,서울특별시 은평구 진관4로 48-25 공원관리사무실 내,37.64417762,126.9289238
은뜨락도서관,"평일 : 09:00~22:00, 주말 : 09:00~18:00","매주 월요일, 법정공휴일",02-389-7635,http://www.edlib.or.kr,은평구,서울특별시 은평구 통일로 972,37.6304436,126.9198423
은평구립도서관,"평일 : 09:00~22:00, 주말 : 09:00~18:00","매주 월요일, 법정공휴일",02-385-1671~4,http://www.eplib.or.kr,은평구,서울특별시 은평구 통일로78가길 13-84,37.61906944,126.9283771
은평뉴타운도서관,"평일 : 09:00~22:00, 주말 : 09:00~18:00","매주 금요일, 법정공휴일",02-6341-6400,http://www.enlib.or.kr,은평구,서울특별시 은평구 진관2로 111-51,37.6372453,126.9330636
응암정보도서관,"평일 : 09:00~22:00, 주말 : 09:00~18:00","매주 금요일, 법정공휴일",02-308-2320~1,http://www.ealib.or.kr,은평구,서울특별시 은평구 가좌로7길 15,37.58598209,126.9196703
증산정보도서관,"평일 : 09:00~22:00, 주말 : 09:00~18:00","매주 금요일, 법정공휴일",02-307-6030,http://www.jsplib.or.kr,은평구,서울특별시 은평구 증산로5길 6,37.58271597,126.9075864
4.19혁명기념도서관,평일 : 08:00~22:00,일요일 및 법정공휴일,02-730-4190,http://library.419revolution.org,종로구,서울특별시 종로구 새문안로 17,37.56753549,126.967719
서울특별시교육청어린이도서관,"평일 : 09:00~18:00, 주말 : 09:00~17:00","1,3주 월요일 및 법정공휴일",02-731-2300,http://childlib.sen.go.kr,종로구,서울특별시 종로구 사직로9길 7,37.57649537,126.9678847
서울특별시교육청정독도서관,"평일 : 09:00~20:00, 주말 : 09:00~17:00","1,3주 수요일 및 법정공휴일",02-2011-5799,http://jdlib.sen.go.kr,종로구,서울특별시 종로구 북촌로5길 48,37.58081277,126.9831602
서울특별시교육청종로도서관,"평일 : 09:00~20:00, 주말 : 09:00~17:00","2,4주 월요일 및 법정공휴일",02-721-0707,http://jnlib.sen.go.kr,종로구,서울특별시 종로구 사직로9길 15-14,37.57647266,126.9663875
아름꿈도서관,"평일 : 10:00~19:00, 주말 : 10:00~19:00","매주 일요일, 1월1일, 설연휴, 추석연휴",02-2237-6644,http://lib.jongno.go.kr/,종로구,서울특별시 종로구 종로58가길 19,37.57263389,127.0170293
어린이청소년 국학도서관,"평일 : 10:00~21:00, 주말 : 10:00~19:00 *동절기(1,2월) 야간 미운영","매주 일요일, 1월1일, 설연휴, 추석연휴",02-747-8335~6,http://lib.jongno.go.kr,종로구,서울특별시 종로구 명륜길 26,37.58850904,126.9954054
청운문학도서관,"평일 : 10:00~21:00, 주말 : 10:00~19:00 *동절기(1,2월) 야간 미운영","매주 월요일, 1월1일, 설연휴, 추석연휴",070-4680-4032-3,http://lib.jongno.go.kr/,종로구,서울특별시 종로구 자하문로36길 40,37.5904379,126.9661074
서울도서관,"평일 : 09:00~21:00, 주말 : 09:00~18:00",월요일 및 법정공휴일,02-2133-0300,https://lib.seoul.go.kr/,중구,서울특별시 중구 세종대로 110 태평로1가,37.5662773,126.9779015
가온도서관,"평일 : 09:00~22:00, 주말 : 09:00~22:00",매주월요일 및 법정 공휴일(일요일제외),02.2230-2921,https://www.junggulib.or.kr/,중구,서울특별시 중구 동호로14길 18,37.5563641,127.0108251
남산타운어린이도서관,"평일 : 09:00~22:00, 주말 : 09:00~18:00","2.4주 일요일, 1.3.5주 월요일, 법정공휴일",02-2230-2941,https://www.junggulib.or.kr/,중구,서울특별시 중구 다산로 32,37.54958203,127.0119143
다산성곽도서관,"평일 : 10:00~22:00, 주말 : 10:00~22:00",매주월요일 및 법정 공휴일(일요일제외),02-2230-2965,https://www.junggulib.or.kr/,중구,서울특별시 중구 동호로17길 173,37.55162479,127.0041777
손기정문화도서관,"평일 : 09:00~22:00, 주말 : 09:00~22:00",매주월요일 및 법정 공휴일(일요일제외),02-2230-2950,https://www.junggulib.or.kr/,중구,서울특별시 중구 손기정로 101-3,37.55567538,126.9645489
손기정어린이도서관,"평일 : 09:00~22:00, 주말 : 09:00~18:00",매주 월요일 및 법정공휴일(일요일 제외),02-2230-2945,https://www.junggulib.or.kr/,중구,서울특별시 중구 손기정로 101,37.55513074,126.9647432
신당누리도서관,"평일 : 09:00~22:00, 주말 : 09:00~18:00","매주일요일, 법정공휴일, 임시공휴일",02-2230-2960,https://www.junggulib.or.kr/,중구,서울특별시 중구 다산로 33길 3 1층,37.56338938,127.0123037
어울림도서관,"평일 : 09:00~22:00, 주말 : 09:00~22:00",매주월요일 및 법정 공휴일(일요일제외),02-2230-2901,https://www.junggulib.or.kr/,중구,서울특별시 중구 다산로38길 66-35,37.56171388,127.018908
한국학생공공도서관대학문화원(구한국학생도서관),"평일 : 07:00~21:00, 주말 : 09:00~21:00","설, 추석연휴",02-2275-0753,http://www.ksplibrary.co.kr/,중구,서울특별시 중구 동호로27길 30,37.56072506,127.0021388
양원숲속도서관,"평일 : 09:00~18:00, 주말 : 토:09:00∼17:00, 일:10:00~17:00","매주 월요일, 법정공휴일 및 근로자의날(5월1일), 창립기념일(12월1일)",02-432-0710,http://www.jungnanglib.seoul.kr/ywlib/,중랑구,서울특별시 중랑구 송림길 172(망우동),37.60685436,127.1107043
중랑구립면목정보도서관,"평일 : 09:00~22:00(월요일은 09:00~17:00), 주말 : 09:00~17:00","매월 쳇째, 셋째 월요일, 법정공휴일 및 근로자의날(5월1일), 창립기념일(12월1일)",02-432-4123,http://www.jungnanglib.seoul.kr/mmlib/,중랑구,서울특별시 중랑구 면목로 397(면목동),37.58747805,127.0876204
중랑구립정보도서관,"평일 : 09:00~22:00(월요일은 09:00~18:00), 주말 : 09:00~17:00","매월 둘째, 넷째 월요일, 법정공휴일 및 근로자의날(5월1일), 창립기념일(12월1일)",02-490-9112~4,http://www.jungnanglib.seoul.kr,중랑구,서울특별시 중랑구 신내로15길 197(묵동),37.61526678,127.0869003
중랑상봉도서관,"평일 : 09:00~22:00, 주말 : 09:00~17:00","매주 월요일, 법정공휴일 및 근로자의날(5월1일), 창립기념일(12월1일)",02-2209-0094,http://www.jungnanglib.seoul.kr/sblib/index.php,중랑구,서울특별시 중랑구 동일로114길 10(상봉동),37.5931041,127.0809049
중랑숲어린이도서관,"평일 : 09:00~18:00, 주말 : 09:00~17:00","매주 월요일, 법정공휴일 및 근로자의날(5월1일), 창립기념일(12월1일)",02-6235-1150,http://www.jungnanglib.seoul.kr/suplib/index.php,중랑구,서울특별시 중랑구 망우로73길 46-1(망우동),37.6026265,127.1039581
